contentDetails_videoId,contentDetails_videoPublishedAt
uILhdYr_UDs
gfgJkBSFqQ4
7_AoUF4zfV4
RwA9kS1em-E
PYaixyrzDOk
UXzsRqisIko
zX8gfNQmVfQ
ZLde30A5xCE
4HasHl8N1hc
P3i19APsYNs
s4r-cyXrYb4
2E6cg8c0M38
rUESS_KGjj4
8beoStypxrM
OriS-jCPgGc
tUqXzYw4HGo
rCVAC8Iw3I8
A_xBQFiuXHk
z24irRRvCQc
6qwH4rnS3lM
N0tY-TaEEQI
Mqtfev7oLPw
t_f_QG8Rw6g
AzetPwGZpJM
mP78d2JeY1o
qo8dnwsCN1A
ivn4fOi4o7o
UFAI8lAYh5I
ZxmGPip7JOo
kgQtPKMa6cg
mi26aXyUbuQ
6AfKseHKmRc
VXW7dpuxYzU
IuFMesHkBdA
NlXPiHArsDE
bt_ZQpDFL2s
qQ53A6SN-ak
uMlRMAZ0lB0
Sbbwq857O5E
cwqjxqX42qA
fy6pqiEB4OM
FJ63cY-zLFI
_mEXEIwsNkU
sxaEH4mSuRA
E3821TXtUaE
8zUGEcgBDUA
-GiuPDA8EAg
tEpMSVerhME
vXU9i-vgH6Q
ZDKAo50yjyQ
wZify-FZZqM
7ZTsqm1ilp0
bciaxewgF9Y
mdYXocVY3DY
8_LXq-vn0_4
WH4zdjf9Pdw
jmRfHNeOoM8
fCi-M8ON9n0
qCQ5aGkvSIY
Xhja9WuxDow
mLZSk_gYCNo
2cmAaVZGHQA
Ohv-wFtSmd4
yvj1Mgajbng
XUgqt_Aeg9Q
NaujrrivX9A
CC2FESkbFUQ
iQQyFWtD0n8
I7vsODcj0JE
wKhu86LC0lc
BNJbPdujbSs
jSiWpRyHIbU
Q-UeDVuYf28
NKL5PRaJFKQ
iZhp1PKn4PE
9ZUQgMpFxIM
Hib3KCnmPWM
uvQyy8ycac4
gL0DXpYyOGM
ULKh2QCU3mQ
xkOtEad7c6U
6xF0mQbJpig
lhn8aIfC5RU
INHW_-HGCIs
r8U3bujUq4Y
Xw-eTq5cw3Y
Efmrx22gTIQ
E_203dUP32Y
bsZq4OpnKZw
fKnyYHGYf5A